{
  "stress_level_score": 0.8514564113815626,
  "emotional_volatility_score": 0.0005431587467388782,
  "impulsivity_indicator": 0.267508865248227,
  "desperation_index": 0.7337018012968783,
  "confidence_level_score": 0.6292955706150631,
  "financial_literacy_score": 0.3333333333333333,
  "risk_awareness_score": 0.1875,
  "planning_orientation_score": 0.125,
  "sentiment_stability_score": 0.6292955706150631,
  "clarity_of_purpose_score": 0.31464778530753157,
  "decision_consistency_score": 0.08672675862908363,
  "honesty_consistency_score": 0.08672675862908363,
  "evasiveness_score": 0.9132732413709164,
  "negotiation_behavior_score": 0.1875,
  "long_term_commitment_signal": 0.2857142857142857,
  "early_repayment_interest_flag": 0.0,
  "detected_customer": "SPEAKER_00",
  "customer_confidence": 1.0,
  "detected_banker": "SPEAKER_01",
  "intent_risk_score": 0.6936322964863415
}