{
  "stress_level_score": 0.9999998387030413,
  "emotional_volatility_score": 0.00278030261987084,
  "impulsivity_indicator": 0.23006617769281915,
  "desperation_index": 0.9999998387030413,
  "confidence_level_score": 0.6010784254029231,
  "financial_literacy_score": 0.37974683544303794,
  "risk_awareness_score": 0.6,
  "planning_orientation_score": 0.6,
  "sentiment_stability_score": 0.6010784254029231,
  "clarity_of_purpose_score": 0.5505392127014616,
  "decision_consistency_score": 0.38951529562473297,
  "honesty_consistency_score": 0.38951529562473297,
  "evasiveness_score": 0.610484704375267,
  "negotiation_behavior_score": 0.0,
  "long_term_commitment_signal": 0.4,
  "early_repayment_interest_flag": 0.0,
  "detected_customer": "SPEAKER_00",
  "customer_confidence": 0.6,
  "detected_banker": "SPEAKER_01",
  "intent_risk_score": 0.588505802087328
}